{
    "ie": {
        "6": 0.0000683486665972548,
        "7": 0.08657497768985607,
        "8": 0.01011560265639371,
        "9": 0.02622310508448009,
        "10": 0.061650497270723824,
        "11": 1.43832933987263
    },
    "edge": {
        "12": 0.018978146425171084,
        "13": 0.03866256240518046,
        "14": 0.1455826598521527,
        "15": 0.348168107646416,
        "16": 0.281209197269972,
        "17": 0.0003189604441205224
    },
    "firefox": {
        "2": 0.0001366973331945096,
        "3": 0.0002506117775232676,
        "4": 0.000683486665972548,
        "5": 0.0001366973331945096,
        "6": 0.0000683486665972548,
        "7": 0,
        "8": 0.0002506117775232676,
        "9": 0,
        "10": 0.0003189604441205224,
        "11": 0.0001366973331945096,
        "12": 0.0015036706651396056,
        "13": 0.0005012235550465352,
        "14": 0.0003189604441205224,
        "15": 0.0005012235550465352,
        "16": 0.0002733946663890192,
        "17": 0.0000683486665972548,
        "18": 0.0000683486665972548,
        "19": 0.0006379208882410448,
        "20": 0.0003873091107177772,
        "21": 0.0000683486665972548,
        "22": 0.000455657777315032,
        "23": 0.0000683486665972548,
        "24": 0.00113914444328758,
        "25": 0.00020504599979176438,
        "26": 0.00018226311092601281,
        "27": 0.0010024471100930704,
        "28": 0.0005012235550465352,
        "29": 0.0015720193317368604,
        "30": 0.002779512441621695,
        "31": 0.002232723108843657,
        "32": 0.004260400217895549,
        "33": 0.0005012235550465352,
        "34": 0.0010935786655560768,
        "35": 0.00398700555150653,
        "36": 0.004488229106553066,
        "37": 0.005627373549840645,
        "38": 0.013624167541719455,
        "39": 0.002483334886366924,
        "40": 0.0035541306630572493,
        "41": 0.008179057102804824,
        "42": 0.0033263017743997334,
        "43": 0.021689310200195523,
        "44": 0.00113914444328758,
        "45": 0.03200995885638099,
        "46": 0.011323095766278546,
        "47": 0.03875369396064347,
        "48": 0.06932833081848211,
        "49": 0.014467134429752265,
        "50": 0.019297106869291605,
        "51": 0.027590078416425187,
        "52": 0.19335837780363382,
        "53": 0.023147415087603627,
        "54": 0.024172645086562448,
        "55": 0.019980593535264154,
        "56": 0.062333983936696376,
        "57": 1.7885479075169637,
        "58": 0.027134420639110157,
        "59": 0.001025229998958822,
        "60": 0.0003189604441205224,
        "61": 0,
        "3.5": 0,
        "3.6": 0.000455657777315032
    },
    "chrome": {
        "4": 0,
        "5": 0,
        "6": 0.0006379208882410448,
        "7": 0,
        "8": 0,
        "9": 0,
        "10": 0,
        "11": 0.005103367105928358,
        "12": 0.0015720193317368604,
        "13": 0.0001366973331945096,
        "14": 0,
        "15": 0,
        "16": 0.0000683486665972548,
        "17": 0.001640367998334115,
        "18": 0.0029389926636819563,
        "19": 0.0002506117775232676,
        "20": 0.0003873091107177772,
        "21": 0.0007746182214355544,
        "22": 0.0033263017743997334,
        "23": 0.0002733946663890192,
        "24": 0,
        "25": 0.0022555059977094082,
        "26": 0.002733946663890192,
        "27": 0.004875538217270842,
        "28": 0.0000683486665972548,
        "29": 0.00020504599979176438,
        "30": 0.006720952215396721,
        "31": 0.02378533597584467,
        "32": 0.01123196421081554,
        "33": 0.002483334886366924,
        "34": 0.009956122434333449,
        "35": 0.01852248864785605,
        "36": 0.007746182214355544,
        "37": 0.004283183106761301,
        "38": 0.010480128878245735,
        "39": 0.007450004659100773,
        "40": 0.0028934268859504533,
        "41": 0.007176609992711754,
        "42": 0.0035541306630572493,
        "43": 0.021119737978551732,
        "44": 0.04798076395127287,
        "45": 0.013373555764196188,
        "46": 0.03107586041288518,
        "47": 0.014011476652437235,
        "48": 0.038389167738791447,
        "49": 0.7746410043244201,
        "50": 0.026678762861795127,
        "51": 0.114005575884221,
        "52": 0.016198633983549388,
        "53": 0.0405763250699036,
        "54": 0.07386212570276669,
        "55": 0.11147667522012257,
        "56": 0.16339887894517047,
        "57": 0.13774534608233419,
        "58": 0.28362418348974167,
        "59": 0.21755380577906203,
        "60": 0.23329678198529638,
        "61": 0.5495460623307943,
        "62": 11.443526116822907,
        "63": 29.587340368841303,
        "64": 0.05764070883035154,
        "65": 0.015765759095100106,
        "66": 0.0000683486665972548,
        "67": 0
    },
    "safari": {
        "4": 0,
        "5": 0.0013214075542135927,
        "6": 0.00018226311092601281,
        "7": 0.007860096658684302,
        "8": 0.030301242191449626,
        "9": 0.050304618615579534,
        "10": 0.15378449984382328,
        "11": 1.3572450383994201,
        "3.1": 0,
        "3.2": 0,
        "5.1": 0.007882879547550053,
        "6.1": 0.02009450797959291,
        "7.1": 0.0000683486665972548,
        "9.1": 0.1888929315859465,
        "10.1": 0.4940697279426892,
        "11.1": 0,
        "TP": 0
    },
    "opera": {
        "15": 0.00113914444328758,
        "16": 0,
        "17": 0.0000683486665972548,
        "18": 0,
        "19": 0,
        "20": 0,
        "21": 0,
        "22": 0,
        "23": 0,
        "24": 0,
        "25": 0.0000683486665972548,
        "26": 0.0003873091107177772,
        "27": 0,
        "28": 0,
        "29": 0,
        "30": 0,
        "31": 0,
        "32": 0,
        "33": 0.0000683486665972548,
        "34": 0,
        "35": 0,
        "36": 0.002574466441829931,
        "37": 0.0014353219985423508,
        "38": 0,
        "39": 0,
        "40": 0,
        "41": 0,
        "42": 0.0008885326657643123,
        "43": 0.00018226311092601281,
        "44": 0.0000683486665972548,
        "45": 0.0006379208882410448,
        "46": 0.0001366973331945096,
        "47": 0.0007518353325698028,
        "48": 0.003235170218936727,
        "49": 0.13888449052562174,
        "50": 0.037295589073235366,
        "51": 0.0002733946663890192,
        "10.0-10.1": 0,
        "11.5": 0,
        "12.1": 0
    },
    "ios_saf": {
        "8": 0.002050459997917644,
        "3.2": 0.0003873091107177772,
        "4.0-4.1": 0,
        "4.2-4.3": 0.000341743332986274,
        "5.0-5.1": 0.009819425101138939,
        "6.0-6.1": 0.0037819595517147656,
        "7.0-7.1": 0.08242849191628929,
        "8.1-8.4": 0.06078474749382527,
        "9.0-9.2": 0.04171546951319118,
        "9.3": 0.6609088231065882,
        "10.0-10.2": 0.4762079430719399,
        "10.3": 1.6056013099249782,
        "11.0-11.2": 9.102310891200542
    },
    "op_mini": {
        "all": 0.006720952215396721
    },
    "android": {
        "3": 0,
        "4": 0.013031812431209914,
        "62": 5.329851804142795,
        "2.1": 0,
        "2.2": 0.0002733946663890192,
        "2.3": 0.011209181321949787,
        "4.1": 0.042877396845344515,
        "4.2-4.3": 0.1313661371999237,
        "4.4": 0.08299806413793308,
        "4.4.3-4.4.4": 0
    },
    "bb": {
        "7": 0.0007290524437040513,
        "10": 0.0035541306630572493
    },
    "op_mob": {
        "12": 0.005536241994377638,
        "37": 0.005536241994377638,
        "12.1": 0.005536241994377638
    },
    "and_chr": {
        "62": 29.04998315205368
    },
    "and_ff": {
        "57": 0.08463843213626719
    },
    "ie_mob": {
        "10": 0,
        "11": 0
    },
    "and_uc": {
        "11.4": 0.006424774660141951
    },
    "samsung": {
        "4": 0,
        "5": 0,
        "6.2": 0
    },
    "and_qq": {
        "1.2": 0
    },
    "baidu": {
        "7.12": 0
    }
}